metricsType,mapsCompleted,reducesCompleted,mapProgress,reduceProgress,mapsTotal,reducesTotal,mapsPending,reducesPending,mapsRunning,reducesRunning,startTime,responseTimeSec,finishTime,jobId,timestamp
metricsType=Details,,,,,,,,,,,,,,application_1710848715047_0051,1710855466.4786954
metricsType=Details,,,,,,,,,,,,,,application_1710848715047_0051,1710855469.5644922
metricsType=Details,,,,,,,,,,,,,,application_1710848715047_0051,1710855472.6712306
metricsType=Details,,,,,,,,,,,,,,application_1710848715047_0051,1710855476.8273344
metricsType=Details,,,,,,,,,,,,,,application_1710848715047_0051,1710855479.9426074
metricsType=Details,,,,,,,,,,,,,,application_1710848715047_0051,1710855483.0458748
metricsType=Details,,,,,,,,,,,,,,application_1710848715047_0051,1710855486.2697475
metricsType=Details,,,,,,,,,,,,,,application_1710848715047_0051,1710855489.435387
metricsType=Details,,,,,,,,,,,,,,application_1710848715047_0051,1710855493.6264832
metricsType=Details,,,,,,,,,,,,,,application_1710848715047_0051,1710855496.8046932
metricsType=Details,,,,,,,,,,,,,,application_1710848715047_0051,1710855499.972027
metricsType=Details,,,,,,,,,,,,,,application_1710848715047_0051,1710855503.1541162
metricsType=Details,,,,,,,,,,,,,,application_1710848715047_0051,1710855506.3429954
metricsType=Details,,,,,,,,,,,,,,application_1710848715047_0051,1710855510.430385
metricsType=Details,,,,,,,,,,,,,,application_1710848715047_0051,1710855513.591861
metricsType=Details,,,,,,,,,,,,,,application_1710848715047_0051,1710855516.7485719
metricsType=Details,,,,,,,,,,,,,,application_1710848715047_0051,1710855519.8898947
metricsType=Details,,,,,,,,,,,,,,application_1710848715047_0052,1710855562.2223377
metricsType=Details,,,,,,,,,,,,,,application_1710848715047_0052,1710855566.1874862
metricsType=Details,,,,,,,,,,,,,,application_1710848715047_0052,1710855569.2914517
metricsType=Details,,,,,,,,,,,,,,application_1710848715047_0052,1710855572.4062066
metricsType=Details,,,,,,,,,,,,,,application_1710848715047_0052,1710855575.5148513
metricsType=Details,,,,,,,,,,,,,,application_1710848715047_0052,1710855578.6291423
metricsType=Details,,,,,,,,,,,,,,application_1710848715047_0052,1710855581.8483386
metricsType=Details,,,,,,,,,,,,,,application_1710848715047_0052,1710855585.0139728
metricsType=Details,,,,,,,,,,,,,,application_1710848715047_0052,1710855588.1905031
metricsType=Details,,,,,,,,,,,,,,application_1710848715047_0052,1710855591.372408
metricsType=Details,,,,,,,,,,,,,,application_1710848715047_0052,1710855594.5405693
metricsType=Details,,,,,,,,,,,,,,application_1710848715047_0052,1710855597.7176316
metricsType=Details,,,,,,,,,,,,,,application_1710848715047_0052,1710855600.877164
metricsType=Details,,,,,,,,,,,,,,application_1710848715047_0052,1710855604.0425456
metricsType=Details,,,,,,,,,,,,,,application_1710848715047_0052,1710855607.1945033
metricsType=Details,,,,,,,,,,,,,,application_1710848715047_0052,1710855610.3499498
metricsType=Details,,,,,,,,,,,,,,application_1710848715047_0052,1710855613.4960272
metricsType=Details,,,,,,,,,,,,,,application_1710848715047_0052,1710855616.6767523
metricsType=Details,,,,,,,,,,,,,,application_1710848715047_0052,1710855619.8141317
metricsType=Details,,,,,,,,,,,,,,application_1710848715047_0053,1710855662.2319047
metricsType=Details,,,,,,,,,,,,,,application_1710848715047_0053,1710855665.33378
metricsType=Details,,,,,,,,,,,,,,application_1710848715047_0053,1710855668.4522831
metricsType=Details,,,,,,,,,,,,,,application_1710848715047_0053,1710855671.5629952
metricsType=Details,,,,,,,,,,,,,,application_1710848715047_0053,1710855674.6717885
metricsType=Details,,,,,,,,,,,,,,application_1710848715047_0053,1710855677.7829788
metricsType=Details,,,,,,,,,,,,,,application_1710848715047_0053,1710855681.0075817
metricsType=Details,,,,,,,,,,,,,,application_1710848715047_0053,1710855684.1864882
metricsType=Details,,,,,,,,,,,,,,application_1710848715047_0053,1710855687.3730521
metricsType=Details,,,,,,,,,,,,,,application_1710848715047_0053,1710855690.5530357
metricsType=Details,,,,,,,,,,,,,,application_1710848715047_0053,1710855693.7435575
metricsType=Details,,,,,,,,,,,,,,application_1710848715047_0053,1710855696.923098
metricsType=Details,,,,,,,,,,,,,,application_1710848715047_0053,1710855700.0946612
metricsType=Details,,,,,,,,,,,,,,application_1710848715047_0053,1710855703.261784
metricsType=Details,,,,,,,,,,,,,,application_1710848715047_0053,1710855706.4148922
metricsType=Details,,,,,,,,,,,,,,application_1710848715047_0053,1710855709.5718634
metricsType=Details,,,,,,,,,,,,,,application_1710848715047_0053,1710855712.7137399
metricsType=Details,,,,,,,,,,,,,,application_1710848715047_0053,1710855715.847686
metricsType=Details,,,,,,,,,,,,,,application_1710848715047_0054,1710855758.1820705
metricsType=Details,,,,,,,,,,,,,,application_1710848715047_0054,1710855761.2651658
metricsType=Details,,,,,,,,,,,,,,application_1710848715047_0054,1710855764.354427
metricsType=Details,,,,,,,,,,,,,,application_1710848715047_0054,1710855767.4626942
metricsType=Details,,,,,,,,,,,,,,application_1710848715047_0054,1710855770.5589223
metricsType=Details,,,,,,,,,,,,,,application_1710848715047_0054,1710855773.6613755
metricsType=Details,,,,,,,,,,,,,,application_1710848715047_0054,1710855776.834875
metricsType=Details,,,,,,,,,,,,,,application_1710848715047_0054,1710855780.0189087
metricsType=Details,,,,,,,,,,,,,,application_1710848715047_0054,1710855783.1978817
metricsType=Details,,,,,,,,,,,,,,application_1710848715047_0054,1710855786.3728735
metricsType=Details,,,,,,,,,,,,,,application_1710848715047_0054,1710855789.5574226
metricsType=Details,,,,,,,,,,,,,,application_1710848715047_0054,1710855792.7256353
metricsType=Details,,,,,,,,,,,,,,application_1710848715047_0054,1710855795.9039996
metricsType=Details,,,,,,,,,,,,,,application_1710848715047_0054,1710855799.0730548
metricsType=Details,,,,,,,,,,,,,,application_1710848715047_0054,1710855802.2158134
metricsType=Details,,,,,,,,,,,,,,application_1710848715047_0054,1710855805.364823
metricsType=Details,,,,,,,,,,,,,,application_1710848715047_0054,1710855808.5161963
metricsType=Details,,,,,,,,,,,,,,application_1710848715047_0054,1710855811.6528113
metricsType=Details,,,,,,,,,,,,,,application_1710848715047_0054,1710855814.7981038
metricsType=Details,,,,,,,,,,,,,,application_1710848715047_0054,1710855817.9392529
metricsType=Details,,,,,,,,,,,,,,application_1710848715047_0055,1710855860.326963
metricsType=Details,,,,,,,,,,,,,,application_1710848715047_0055,1710855863.4356885
metricsType=Details,,,,,,,,,,,,,,application_1710848715047_0055,1710855866.545834
metricsType=Details,,,,,,,,,,,,,,application_1710848715047_0055,1710855869.659572
metricsType=Details,,,,,,,,,,,,,,application_1710848715047_0055,1710855872.7599916
metricsType=Details,,,,,,,,,,,,,,application_1710848715047_0055,1710855875.8575542
metricsType=Details,,,,,,,,,,,,,,application_1710848715047_0055,1710855879.0796995
metricsType=Details,,,,,,,,,,,,,,application_1710848715047_0055,1710855882.269804
metricsType=Details,,,,,,,,,,,,,,application_1710848715047_0055,1710855885.455931
metricsType=Details,,,,,,,,,,,,,,application_1710848715047_0055,1710855888.6335638
metricsType=Details,,,,,,,,,,,,,,application_1710848715047_0055,1710855891.8256712
metricsType=Details,,,,,,,,,,,,,,application_1710848715047_0055,1710855894.998517
metricsType=Details,,,,,,,,,,,,,,application_1710848715047_0055,1710855898.1698663
metricsType=Details,,,,,,,,,,,,,,application_1710848715047_0055,1710855901.322319
metricsType=Details,,,,,,,,,,,,,,application_1710848715047_0055,1710855904.4940262
metricsType=Details,,,,,,,,,,,,,,application_1710848715047_0055,1710855907.6539707
metricsType=Details,,,,,,,,,,,,,,application_1710848715047_0055,1710855910.8068736
metricsType=Details,,,,,,,,,,,,,,application_1710848715047_0055,1710855913.95589
metricsType=Details,,,,,,,,,,,,,,application_1710848715047_0056,1710855956.3127363
metricsType=Details,,,,,,,,,,,,,,application_1710848715047_0056,1710855959.3941455
metricsType=Details,,,,,,,,,,,,,,application_1710848715047_0056,1710855962.5094037
metricsType=Details,,,,,,,,,,,,,,application_1710848715047_0056,1710855965.6247635
metricsType=Details,,,,,,,,,,,,,,application_1710848715047_0056,1710855968.7417283
metricsType=Details,,,,,,,,,,,,,,application_1710848715047_0056,1710855971.8519053
metricsType=Details,,,,,,,,,,,,,,application_1710848715047_0056,1710855975.0493984
metricsType=Details,,,,,,,,,,,,,,application_1710848715047_0056,1710855978.2404613
metricsType=Details,,,,,,,,,,,,,,application_1710848715047_0056,1710855981.425675
metricsType=Details,,,,,,,,,,,,,,application_1710848715047_0056,1710855984.609353
metricsType=Details,,,,,,,,,,,,,,application_1710848715047_0056,1710855987.784494
metricsType=Details,,,,,,,,,,,,,,application_1710848715047_0056,1710855990.9553952
metricsType=Details,,,,,,,,,,,,,,application_1710848715047_0056,1710855994.130018
metricsType=Details,,,,,,,,,,,,,,application_1710848715047_0056,1710855997.2996652
metricsType=Details,,,,,,,,,,,,,,application_1710848715047_0056,1710856000.4836268
metricsType=Details,,,,,,,,,,,,,,application_1710848715047_0056,1710856003.6444428
metricsType=Details,,,,,,,,,,,,,,application_1710848715047_0056,1710856006.8100157
metricsType=Details,,,,,,,,,,,,,,application_1710848715047_0056,1710856009.9627528
metricsType=Details,,,,,,,,,,,,,,application_1710848715047_0056,1710856013.1087813
metricsType=Details,,,,,,,,,,,,,,application_1710848715047_0056,1710856016.2414026
metricsType=Details,,,,,,,,,,,,,,application_1710848715047_0057,1710856058.6269617
metricsType=Details,,,,,,,,,,,,,,application_1710848715047_0057,1710856061.7279704
metricsType=Details,,,,,,,,,,,,,,application_1710848715047_0057,1710856064.8691597
metricsType=Details,,,,,,,,,,,,,,application_1710848715047_0057,1710856068.1307755
metricsType=Details,,,,,,,,,,,,,,application_1710848715047_0057,1710856071.2949944
metricsType=Details,,,,,,,,,,,,,,application_1710848715047_0057,1710856074.3954809
metricsType=Details,,,,,,,,,,,,,,application_1710848715047_0057,1710856077.5703824
metricsType=Details,,,,,,,,,,,,,,application_1710848715047_0057,1710856080.7498965
metricsType=Details,,,,,,,,,,,,,,application_1710848715047_0057,1710856083.92809
metricsType=Details,,,,,,,,,,,,,,application_1710848715047_0057,1710856087.1314714
metricsType=Details,,,,,,,,,,,,,,application_1710848715047_0057,1710856090.3344278
metricsType=Details,,,,,,,,,,,,,,application_1710848715047_0057,1710856093.4925086
metricsType=Details,,,,,,,,,,,,,,application_1710848715047_0057,1710856096.6507864
metricsType=Details,,,,,,,,,,,,,,application_1710848715047_0057,1710856099.8135736
metricsType=Details,,,,,,,,,,,,,,application_1710848715047_0057,1710856102.9919317
metricsType=Details,,,,,,,,,,,,,,application_1710848715047_0057,1710856106.161837
metricsType=Details,,,,,,,,,,,,,,application_1710848715047_0057,1710856109.3195102
metricsType=Details,,,,,,,,,,,,,,application_1710848715047_0057,1710856112.4801848
metricsType=Details,,,,,,,,,,,,,,application_1710848715047_0057,1710856115.6216161
metricsType=Details,,,,,,,,,,,,,,application_1710848715047_0058,1710856157.9729593
metricsType=Details,,,,,,,,,,,,,,application_1710848715047_0058,1710856161.0846891
metricsType=Details,,,,,,,,,,,,,,application_1710848715047_0058,1710856164.200155
metricsType=Details,,,,,,,,,,,,,,application_1710848715047_0058,1710856167.3143115
metricsType=Details,,,,,,,,,,,,,,application_1710848715047_0058,1710856170.4235513
metricsType=Details,,,,,,,,,,,,,,application_1710848715047_0058,1710856173.5276434
metricsType=Details,,,,,,,,,,,,,,application_1710848715047_0058,1710856176.751882
metricsType=Details,,,,,,,,,,,,,,application_1710848715047_0058,1710856179.9527156
metricsType=Details,,,,,,,,,,,,,,application_1710848715047_0058,1710856183.1471612
metricsType=Details,,,,,,,,,,,,,,application_1710848715047_0058,1710856186.3123622
metricsType=Details,,,,,,,,,,,,,,application_1710848715047_0058,1710856189.502431
metricsType=Details,,,,,,,,,,,,,,application_1710848715047_0058,1710856192.679766
metricsType=Details,,,,,,,,,,,,,,application_1710848715047_0058,1710856195.8505285
metricsType=Details,,,,,,,,,,,,,,application_1710848715047_0058,1710856198.9982533
metricsType=Details,,,,,,,,,,,,,,application_1710848715047_0058,1710856202.1574595
metricsType=Details,,,,,,,,,,,,,,application_1710848715047_0058,1710856205.3182454
metricsType=Details,,,,,,,,,,,,,,application_1710848715047_0058,1710856208.477473
metricsType=Details,,,,,,,,,,,,,,application_1710848715047_0058,1710856211.6221821
metricsType=Details,,,,,,,,,,,,,,application_1710848715047_0059,1710856253.9557204
metricsType=Details,,,,,,,,,,,,,,application_1710848715047_0059,1710856257.0637567
metricsType=Details,,,,,,,,,,,,,,application_1710848715047_0059,1710856260.1631248
metricsType=Details,,,,,,,,,,,,,,application_1710848715047_0059,1710856263.268518
metricsType=Details,,,,,,,,,,,,,,application_1710848715047_0059,1710856266.3784955
metricsType=Details,,,,,,,,,,,,,,application_1710848715047_0059,1710856269.4989178
metricsType=Details,,,,,,,,,,,,,,application_1710848715047_0059,1710856272.71808
metricsType=Details,,,,,,,,,,,,,,application_1710848715047_0059,1710856275.9086142
metricsType=Details,,,,,,,,,,,,,,application_1710848715047_0059,1710856279.0976539
metricsType=Details,,,,,,,,,,,,,,application_1710848715047_0059,1710856282.2640178
metricsType=Details,,,,,,,,,,,,,,application_1710848715047_0059,1710856285.4304485
metricsType=Details,,,,,,,,,,,,,,application_1710848715047_0059,1710856288.6133935
metricsType=Details,,,,,,,,,,,,,,application_1710848715047_0059,1710856291.8011017
metricsType=Details,,,,,,,,,,,,,,application_1710848715047_0059,1710856294.9562635
metricsType=Details,,,,,,,,,,,,,,application_1710848715047_0059,1710856298.131266
metricsType=Details,,,,,,,,,,,,,,application_1710848715047_0059,1710856301.2866704
metricsType=Details,,,,,,,,,,,,,,application_1710848715047_0059,1710856304.4286427
metricsType=Details,,,,,,,,,,,,,,application_1710848715047_0060,1710856343.7556078
metricsType=Details,,,,,,,,,,,,,,application_1710848715047_0060,1710856346.824663
metricsType=Details,,,,,,,,,,,,,,application_1710848715047_0060,1710856349.9402149
metricsType=Details,,,,,,,,,,,,,,application_1710848715047_0060,1710856353.036827
metricsType=Details,,,,,,,,,,,,,,application_1710848715047_0060,1710856356.149663
metricsType=Details,,,,,,,,,,,,,,application_1710848715047_0060,1710856359.2641287
metricsType=Details,,,,,,,,,,,,,,application_1710848715047_0060,1710856362.4029565
metricsType=Details,,,,,,,,,,,,,,application_1710848715047_0060,1710856365.5809114
metricsType=Details,,,,,,,,,,,,,,application_1710848715047_0060,1710856368.7602413
metricsType=Details,,,,,,,,,,,,,,application_1710848715047_0060,1710856371.9426303
metricsType=Details,,,,,,,,,,,,,,application_1710848715047_0060,1710856375.1164665
metricsType=Details,,,,,,,,,,,,,,application_1710848715047_0060,1710856379.3097794
metricsType=Details,,,,,,,,,,,,,,application_1710848715047_0060,1710856382.4792883
metricsType=Details,,,,,,,,,,,,,,application_1710848715047_0060,1710856385.6456537
metricsType=Details,,,,,,,,,,,,,,application_1710848715047_0060,1710856388.7987442
metricsType=Details,,,,,,,,,,,,,,application_1710848715047_0060,1710856391.9579222
metricsType=Details,,,,,,,,,,,,,,application_1710848715047_0060,1710856395.0990412
metricsType=Details,,,,,,,,,,,,,,application_1710848715047_0061,1710856437.442353
metricsType=Details,,,,,,,,,,,,,,application_1710848715047_0061,1710856440.522535
metricsType=Details,,,,,,,,,,,,,,application_1710848715047_0061,1710856443.6340084
metricsType=Details,,,,,,,,,,,,,,application_1710848715047_0061,1710856446.7465613
metricsType=Details,,,,,,,,,,,,,,application_1710848715047_0061,1710856449.8582435
metricsType=Details,,,,,,,,,,,,,,application_1710848715047_0061,1710856452.9702048
metricsType=Details,,,,,,,,,,,,,,application_1710848715047_0061,1710856456.1479912
metricsType=Details,,,,,,,,,,,,,,application_1710848715047_0061,1710856459.3266053
metricsType=Details,,,,,,,,,,,,,,application_1710848715047_0061,1710856462.4975934
metricsType=Details,,,,,,,,,,,,,,application_1710848715047_0061,1710856465.682984
metricsType=Details,,,,,,,,,,,,,,application_1710848715047_0061,1710856468.8592494
metricsType=Details,,,,,,,,,,,,,,application_1710848715047_0061,1710856472.0302856
metricsType=Details,,,,,,,,,,,,,,application_1710848715047_0061,1710856475.211064
metricsType=Details,,,,,,,,,,,,,,application_1710848715047_0061,1710856478.3786485
metricsType=Details,,,,,,,,,,,,,,application_1710848715047_0061,1710856481.5368514
metricsType=Details,,,,,,,,,,,,,,application_1710848715047_0061,1710856484.701205
metricsType=Details,,,,,,,,,,,,,,application_1710848715047_0061,1710856487.864588
metricsType=Details,,,,,,,,,,,,,,application_1710848715047_0061,1710856490.9967082
metricsType=Details,,,,,,,,,,,,,,application_1710848715047_0061,1710856494.1327226
metricsType=Details,,,,,,,,,,,,,,application_1710848715047_0062,1710856533.471947
metricsType=Details,,,,,,,,,,,,,,application_1710848715047_0062,1710856536.5476773
metricsType=Details,,,,,,,,,,,,,,application_1710848715047_0062,1710856539.6577592
metricsType=Details,,,,,,,,,,,,,,application_1710848715047_0062,1710856542.7651765
metricsType=Details,,,,,,,,,,,,,,application_1710848715047_0062,1710856545.8868842
metricsType=Details,,,,,,,,,,,,,,application_1710848715047_0062,1710856549.0090723
metricsType=Details,,,,,,,,,,,,,,application_1710848715047_0062,1710856552.199424
metricsType=Details,,,,,,,,,,,,,,application_1710848715047_0062,1710856555.416418
metricsType=Details,,,,,,,,,,,,,,application_1710848715047_0062,1710856558.5854661
metricsType=Details,,,,,,,,,,,,,,application_1710848715047_0062,1710856561.7721148
metricsType=Details,,,,,,,,,,,,,,application_1710848715047_0062,1710856564.9659054
metricsType=Details,,,,,,,,,,,,,,application_1710848715047_0062,1710856568.141779
metricsType=Details,,,,,,,,,,,,,,application_1710848715047_0062,1710856571.32574
metricsType=Details,,,,,,,,,,,,,,application_1710848715047_0062,1710856574.4809535
metricsType=Details,,,,,,,,,,,,,,application_1710848715047_0062,1710856577.6430614
metricsType=Details,,,,,,,,,,,,,,application_1710848715047_0062,1710856580.8177066
metricsType=Details,,,,,,,,,,,,,,application_1710848715047_0062,1710856583.971262
metricsType=Details,,,,,,,,,,,,,,application_1710848715047_0062,1710856587.1199095
metricsType=Details,,,,,,,,,,,,,,application_1710848715047_0062,1710856590.2718256
metricsType=Details,,,,,,,,,,,,,,application_1710848715047_0062,1710856593.4157753
metricsType=Details,,,,,,,,,,,,,,application_1710848715047_0063,1710856635.785453
metricsType=Details,,,,,,,,,,,,,,application_1710848715047_0063,1710856638.858801
metricsType=Details,,,,,,,,,,,,,,application_1710848715047_0063,1710856641.9597492
metricsType=Details,,,,,,,,,,,,,,application_1710848715047_0063,1710856645.089649
metricsType=Details,,,,,,,,,,,,,,application_1710848715047_0063,1710856648.2056274
metricsType=Details,,,,,,,,,,,,,,application_1710848715047_0063,1710856651.3034215
metricsType=Details,,,,,,,,,,,,,,application_1710848715047_0063,1710856654.4943597
metricsType=Details,,,,,,,,,,,,,,application_1710848715047_0063,1710856657.6941893
metricsType=Details,,,,,,,,,,,,,,application_1710848715047_0063,1710856660.8625283
metricsType=Details,,,,,,,,,,,,,,application_1710848715047_0063,1710856664.0481255
metricsType=Details,,,,,,,,,,,,,,application_1710848715047_0063,1710856667.210972
metricsType=Details,,,,,,,,,,,,,,application_1710848715047_0063,1710856670.3842096
metricsType=Details,,,,,,,,,,,,,,application_1710848715047_0063,1710856673.5618865
metricsType=Details,,,,,,,,,,,,,,application_1710848715047_0063,1710856676.7270858
metricsType=Details,,,,,,,,,,,,,,application_1710848715047_0063,1710856679.8843293
metricsType=Details,,,,,,,,,,,,,,application_1710848715047_0063,1710856683.0699387
metricsType=Details,,,,,,,,,,,,,,application_1710848715047_0063,1710856686.2158399
metricsType=Details,,,,,,,,,,,,,,application_1710848715047_0063,1710856689.3588676
metricsType=Details,,,,,,,,,,,,,,application_1710848715047_0063,1710856692.512411
metricsType=Details,,,,,,,,,,,,,,application_1710848715047_0064,1710856734.8762138
metricsType=Details,,,,,,,,,,,,,,application_1710848715047_0064,1710856738.012746
metricsType=Details,,,,,,,,,,,,,,application_1710848715047_0064,1710856741.1510658
metricsType=Details,,,,,,,,,,,,,,application_1710848715047_0064,1710856744.2561686
metricsType=Details,,,,,,,,,,,,,,application_1710848715047_0064,1710856747.3687177
metricsType=Details,,,,,,,,,,,,,,application_1710848715047_0064,1710856750.4828796
metricsType=Details,,,,,,,,,,,,,,application_1710848715047_0064,1710856753.7068915
metricsType=Details,,,,,,,,,,,,,,application_1710848715047_0064,1710856756.8793426
metricsType=Details,,,,,,,,,,,,,,application_1710848715047_0064,1710856760.0575805
metricsType=Details,,,,,,,,,,,,,,application_1710848715047_0064,1710856763.2317953
metricsType=Details,,,,,,,,,,,,,,application_1710848715047_0064,1710856766.3941
metricsType=Details,,,,,,,,,,,,,,application_1710848715047_0064,1710856769.574509
metricsType=Details,,,,,,,,,,,,,,application_1710848715047_0064,1710856772.7590444
metricsType=Details,,,,,,,,,,,,,,application_1710848715047_0064,1710856775.9201305
metricsType=Details,,,,,,,,,,,,,,application_1710848715047_0064,1710856779.1005192
metricsType=Details,,,,,,,,,,,,,,application_1710848715047_0064,1710856782.2632627
metricsType=Details,,,,,,,,,,,,,,application_1710848715047_0064,1710856785.4352822
metricsType=Details,,,,,,,,,,,,,,application_1710848715047_0064,1710856788.587835
metricsType=Details,,,,,,,,,,,,,,application_1710848715047_0065,1710856830.919038
metricsType=Details,,,,,,,,,,,,,,application_1710848715047_0065,1710856833.9977171
metricsType=Details,,,,,,,,,,,,,,application_1710848715047_0065,1710856837.1238496
metricsType=Details,,,,,,,,,,,,,,application_1710848715047_0065,1710856840.221647
metricsType=Details,,,,,,,,,,,,,,application_1710848715047_0065,1710856843.3301425
metricsType=Details,,,,,,,,,,,,,,application_1710848715047_0065,1710856846.4341192
metricsType=Details,,,,,,,,,,,,,,application_1710848715047_0065,1710856849.5941727
metricsType=Details,,,,,,,,,,,,,,application_1710848715047_0065,1710856852.759556
metricsType=Details,,,,,,,,,,,,,,application_1710848715047_0065,1710856855.9413478
metricsType=Details,,,,,,,,,,,,,,application_1710848715047_0065,1710856859.1155674
metricsType=Details,,,,,,,,,,,,,,application_1710848715047_0065,1710856862.2861028
metricsType=Details,,,,,,,,,,,,,,application_1710848715047_0065,1710856865.4680583
metricsType=Details,,,,,,,,,,,,,,application_1710848715047_0065,1710856868.6281846
metricsType=Details,,,,,,,,,,,,,,application_1710848715047_0065,1710856871.7876904
metricsType=Details,,,,,,,,,,,,,,application_1710848715047_0065,1710856874.9411318
metricsType=Details,,,,,,,,,,,,,,application_1710848715047_0065,1710856878.096689
metricsType=Details,,,,,,,,,,,,,,application_1710848715047_0065,1710856881.2481456
metricsType=Details,,,,,,,,,,,,,,application_1710848715047_0065,1710856884.390706
metricsType=Details,,,,,,,,,,,,,,application_1710848715047_0065,1710856887.5492034
metricsType=Details,,,,,,,,,,,,,,application_1710848715047_0065,1710856890.6884153
metricsType=Details,,,,,,,,,,,,,,application_1710848715047_0065,1710856893.8370228
metricsType=Details,,,,,,,,,,,,,,application_1710848715047_0065,1710856896.9843602
metricsType=Details,,,,,,,,,,,,,,application_1710848715047_0065,1710856900.1463275
metricsType=Details,,,,,,,,,,,,,,application_1710848715047_0065,1710856903.3158514
metricsType=Details,,,,,,,,,,,,,,application_1710848715047_0065,1710856906.4700625
metricsType=Details,,,,,,,,,,,,,,application_1710848715047_0065,1710856909.622893
metricsType=Details,,,,,,,,,,,,,,application_1710848715047_0065,1710856912.769875
metricsType=Details,,,,,,,,,,,,,,application_1710848715047_0065,1710856915.9160373
metricsType=Details,,,,,,,,,,,,,,application_1710848715047_0066,1710856959.3544195
metricsType=Details,,,,,,,,,,,,,,application_1710848715047_0066,1710856962.4464743
metricsType=Details,,,,,,,,,,,,,,application_1710848715047_0066,1710856965.551675
metricsType=Details,,,,,,,,,,,,,,application_1710848715047_0066,1710856968.659971
metricsType=Details,,,,,,,,,,,,,,application_1710848715047_0066,1710856971.7715871
metricsType=Details,,,,,,,,,,,,,,application_1710848715047_0066,1710856974.880609
metricsType=Details,,,,,,,,,,,,,,application_1710848715047_0066,1710856978.0939999
metricsType=Details,,,,,,,,,,,,,,application_1710848715047_0066,1710856981.2734044
metricsType=Details,,,,,,,,,,,,,,application_1710848715047_0066,1710856984.4430878
metricsType=Details,,,,,,,,,,,,,,application_1710848715047_0066,1710856987.6335526
metricsType=Details,,,,,,,,,,,,,,application_1710848715047_0066,1710856990.8125536
metricsType=Details,,,,,,,,,,,,,,application_1710848715047_0066,1710856993.9787772
metricsType=Details,,,,,,,,,,,,,,application_1710848715047_0066,1710856997.1518347
metricsType=Details,,,,,,,,,,,,,,application_1710848715047_0066,1710857000.328432
metricsType=Details,,,,,,,,,,,,,,application_1710848715047_0066,1710857003.4827669
metricsType=Details,,,,,,,,,,,,,,application_1710848715047_0066,1710857006.6338952
metricsType=Details,,,,,,,,,,,,,,application_1710848715047_0066,1710857009.7847178
metricsType=Details,,,,,,,,,,,,,,application_1710848715047_0067,1710857052.2092018
metricsType=Details,,,,,,,,,,,,,,application_1710848715047_0067,1710857055.2842302
metricsType=Details,,,,,,,,,,,,,,application_1710848715047_0067,1710857058.396991
metricsType=Details,,,,,,,,,,,,,,application_1710848715047_0067,1710857061.5275943
metricsType=Details,,,,,,,,,,,,,,application_1710848715047_0067,1710857064.611983
metricsType=Details,,,,,,,,,,,,,,application_1710848715047_0067,1710857067.7269404
metricsType=Details,,,,,,,,,,,,,,application_1710848715047_0067,1710857070.9208357
metricsType=Details,,,,,,,,,,,,,,application_1710848715047_0067,1710857074.1145134
metricsType=Details,,,,,,,,,,,,,,application_1710848715047_0067,1710857077.2918386
metricsType=Details,,,,,,,,,,,,,,application_1710848715047_0067,1710857080.4826565
metricsType=Details,,,,,,,,,,,,,,application_1710848715047_0067,1710857083.6466286
metricsType=Details,,,,,,,,,,,,,,application_1710848715047_0067,1710857086.819037
metricsType=Details,,,,,,,,,,,,,,application_1710848715047_0067,1710857089.9996908
metricsType=Details,,,,,,,,,,,,,,application_1710848715047_0067,1710857093.1750362
metricsType=Details,,,,,,,,,,,,,,application_1710848715047_0067,1710857096.3204713
metricsType=Details,,,,,,,,,,,,,,application_1710848715047_0067,1710857099.492932
metricsType=Details,,,,,,,,,,,,,,application_1710848715047_0067,1710857102.6747365
metricsType=Details,,,,,,,,,,,,,,application_1710848715047_0067,1710857105.8263738
metricsType=Details,,,,,,,,,,,,,,application_1710848715047_0067,1710857108.9844663
metricsType=Details,,,,,,,,,,,,,,application_1710848715047_0068,1710857151.4143655
metricsType=Details,,,,,,,,,,,,,,application_1710848715047_0068,1710857154.488301
metricsType=Details,,,,,,,,,,,,,,application_1710848715047_0068,1710857157.5994785
metricsType=Details,,,,,,,,,,,,,,application_1710848715047_0068,1710857160.70372
metricsType=Details,,,,,,,,,,,,,,application_1710848715047_0068,1710857163.8035107
metricsType=Details,,,,,,,,,,,,,,application_1710848715047_0068,1710857166.9209433
metricsType=Details,,,,,,,,,,,,,,application_1710848715047_0068,1710857170.0582752
metricsType=Details,,,,,,,,,,,,,,application_1710848715047_0068,1710857173.2406774
metricsType=Details,,,,,,,,,,,,,,application_1710848715047_0068,1710857176.4038043
metricsType=Details,,,,,,,,,,,,,,application_1710848715047_0068,1710857179.6007245
metricsType=Details,,,,,,,,,,,,,,application_1710848715047_0068,1710857182.7632375
metricsType=Details,,,,,,,,,,,,,,application_1710848715047_0068,1710857185.933893
metricsType=Details,,,,,,,,,,,,,,application_1710848715047_0068,1710857189.1228983
metricsType=Details,,,,,,,,,,,,,,application_1710848715047_0068,1710857192.279519
metricsType=Details,,,,,,,,,,,,,,application_1710848715047_0068,1710857195.4363568
metricsType=Details,,,,,,,,,,,,,,application_1710848715047_0068,1710857198.5916362
metricsType=Details,,,,,,,,,,,,,,application_1710848715047_0068,1710857201.742994
metricsType=Details,,,,,,,,,,,,,,application_1710848715047_0068,1710857204.8860054
metricsType=Details,,,,,,,,,,,,,,application_1710848715047_0068,1710857208.0329833
metricsType=Details,,,,,,,,,,,,,,application_1710848715047_0068,1710857211.1642177
metricsType=Details,,,,,,,,,,,,,,application_1710848715047_0069,1710857253.4929001
metricsType=Details,,,,,,,,,,,,,,application_1710848715047_0069,1710857256.6094115
metricsType=Details,,,,,,,,,,,,,,application_1710848715047_0069,1710857259.6936305
metricsType=Details,,,,,,,,,,,,,,application_1710848715047_0069,1710857262.8069797
metricsType=Details,,,,,,,,,,,,,,application_1710848715047_0069,1710857265.9295459
metricsType=Details,,,,,,,,,,,,,,application_1710848715047_0069,1710857269.0417666
metricsType=Details,,,,,,,,,,,,,,application_1710848715047_0069,1710857272.2512143
metricsType=Details,,,,,,,,,,,,,,application_1710848715047_0069,1710857275.4422457
metricsType=Details,,,,,,,,,,,,,,application_1710848715047_0069,1710857278.6071982
metricsType=Details,,,,,,,,,,,,,,application_1710848715047_0069,1710857281.7730434
metricsType=Details,,,,,,,,,,,,,,application_1710848715047_0069,1710857284.945678
metricsType=Details,,,,,,,,,,,,,,application_1710848715047_0069,1710857288.124698
metricsType=Details,,,,,,,,,,,,,,application_1710848715047_0069,1710857291.2886925
metricsType=Details,,,,,,,,,,,,,,application_1710848715047_0069,1710857294.4537833
metricsType=Details,,,,,,,,,,,,,,application_1710848715047_0069,1710857297.621733
metricsType=Details,,,,,,,,,,,,,,application_1710848715047_0069,1710857300.780375
metricsType=Details,,,,,,,,,,,,,,application_1710848715047_0069,1710857303.9322517
metricsType=Details,,,,,,,,,,,,,,application_1710848715047_0069,1710857307.0639694
metricsType=Details,,,,,,,,,,,,,,application_1710848715047_0069,1710857310.20114
metricsType=Details,,,,,,,,,,,,,,application_1710848715047_0069,1710857313.3528225
metricsType=Details,,,,,,,,,,,,,,application_1710848715047_0070,1710857352.7566135
metricsType=Details,,,,,,,,,,,,,,application_1710848715047_0070,1710857355.84339
metricsType=Details,,,,,,,,,,,,,,application_1710848715047_0070,1710857358.9432154
metricsType=Details,,,,,,,,,,,,,,application_1710848715047_0070,1710857362.037899
metricsType=Details,,,,,,,,,,,,,,application_1710848715047_0070,1710857365.1417577
metricsType=Details,,,,,,,,,,,,,,application_1710848715047_0070,1710857368.2515814
metricsType=Details,,,,,,,,,,,,,,application_1710848715047_0070,1710857371.4187102
metricsType=Details,,,,,,,,,,,,,,application_1710848715047_0070,1710857374.608311
metricsType=Details,,,,,,,,,,,,,,application_1710848715047_0070,1710857377.801272
metricsType=Details,,,,,,,,,,,,,,application_1710848715047_0070,1710857380.9727786
metricsType=Details,,,,,,,,,,,,,,application_1710848715047_0070,1710857384.15116
metricsType=Details,,,,,,,,,,,,,,application_1710848715047_0070,1710857387.3240018
metricsType=Details,,,,,,,,,,,,,,application_1710848715047_0070,1710857390.4804387
metricsType=Details,,,,,,,,,,,,,,application_1710848715047_0070,1710857393.6409798
metricsType=Details,,,,,,,,,,,,,,application_1710848715047_0070,1710857396.8195057
metricsType=Details,,,,,,,,,,,,,,application_1710848715047_0070,1710857399.9865122
metricsType=Details,,,,,,,,,,,,,,application_1710848715047_0070,1710857403.1570368
metricsType=Details,,,,,,,,,,,,,,application_1710848715047_0070,1710857406.3124819
metricsType=Details,,,,,,,,,,,,,,application_1710848715047_0070,1710857409.452408
metricsType=Details,,,,,,,,,,,,,,application_1710848715047_0071,1710857451.795169
metricsType=Details,,,,,,,,,,,,,,application_1710848715047_0071,1710857454.869088
metricsType=Details,,,,,,,,,,,,,,application_1710848715047_0071,1710857457.975946
metricsType=Details,,,,,,,,,,,,,,application_1710848715047_0071,1710857461.0879252
metricsType=Details,,,,,,,,,,,,,,application_1710848715047_0071,1710857464.1920521
metricsType=Details,,,,,,,,,,,,,,application_1710848715047_0071,1710857467.299879
metricsType=Details,,,,,,,,,,,,,,application_1710848715047_0071,1710857470.5020382
metricsType=Details,,,,,,,,,,,,,,application_1710848715047_0071,1710857473.6800287
metricsType=Details,,,,,,,,,,,,,,application_1710848715047_0071,1710857476.8512983
metricsType=Details,,,,,,,,,,,,,,application_1710848715047_0071,1710857480.0158823
metricsType=Details,,,,,,,,,,,,,,application_1710848715047_0071,1710857483.1767714
metricsType=Details,,,,,,,,,,,,,,application_1710848715047_0071,1710857486.3396869
metricsType=Details,,,,,,,,,,,,,,application_1710848715047_0071,1710857489.5170944
metricsType=Details,,,,,,,,,,,,,,application_1710848715047_0071,1710857492.672458
metricsType=Details,,,,,,,,,,,,,,application_1710848715047_0071,1710857495.8247232
metricsType=Details,,,,,,,,,,,,,,application_1710848715047_0071,1710857498.9734309
metricsType=Details,,,,,,,,,,,,,,application_1710848715047_0071,1710857502.1251318
metricsType=Details,,,,,,,,,,,,,,application_1710848715047_0071,1710857505.2684572
metricsType=Details,,,,,,,,,,,,,,application_1710848715047_0071,1710857508.4072492
metricsType=Details,,,,,,,,,,,,,,application_1710848715047_0071,1710857511.5480568
metricsType=Details,,,,,,,,,,,,,,application_1710848715047_0072,1710857554.9803479
metricsType=Details,,,,,,,,,,,,,,application_1710848715047_0072,1710857558.0610113
metricsType=Details,,,,,,,,,,,,,,application_1710848715047_0072,1710857561.1892552
metricsType=Details,,,,,,,,,,,,,,application_1710848715047_0072,1710857564.2994854
metricsType=Details,,,,,,,,,,,,,,application_1710848715047_0072,1710857567.4063084
metricsType=Details,,,,,,,,,,,,,,application_1710848715047_0072,1710857570.5219214
metricsType=Details,,,,,,,,,,,,,,application_1710848715047_0072,1710857573.7168727
metricsType=Details,,,,,,,,,,,,,,application_1710848715047_0072,1710857576.9047818
metricsType=Details,,,,,,,,,,,,,,application_1710848715047_0072,1710857580.0821445
metricsType=Details,,,,,,,,,,,,,,application_1710848715047_0072,1710857583.2658172
metricsType=Details,,,,,,,,,,,,,,application_1710848715047_0072,1710857586.4376276
metricsType=Details,,,,,,,,,,,,,,application_1710848715047_0072,1710857589.607472
metricsType=Details,,,,,,,,,,,,,,application_1710848715047_0072,1710857592.7806103
metricsType=Details,,,,,,,,,,,,,,application_1710848715047_0072,1710857595.9683197
metricsType=Details,,,,,,,,,,,,,,application_1710848715047_0072,1710857599.1308477
metricsType=Details,,,,,,,,,,,,,,application_1710848715047_0072,1710857602.2993817
metricsType=Details,,,,,,,,,,,,,,application_1710848715047_0072,1710857605.463491
metricsType=Details,,,,,,,,,,,,,,application_1710848715047_0072,1710857608.6052122
metricsType=Details,,,,,,,,,,,,,,application_1710848715047_0073,1710857650.9503453
metricsType=Details,,,,,,,,,,,,,,application_1710848715047_0073,1710857654.0358987
metricsType=Details,,,,,,,,,,,,,,application_1710848715047_0073,1710857657.138308
metricsType=Details,,,,,,,,,,,,,,application_1710848715047_0073,1710857660.2493505
metricsType=Details,,,,,,,,,,,,,,application_1710848715047_0073,1710857663.3644657
metricsType=Details,,,,,,,,,,,,,,application_1710848715047_0073,1710857666.4887903
metricsType=Details,,,,,,,,,,,,,,application_1710848715047_0073,1710857669.687451
metricsType=Details,,,,,,,,,,,,,,application_1710848715047_0073,1710857672.8677838
metricsType=Details,,,,,,,,,,,,,,application_1710848715047_0073,1710857676.0632417
metricsType=Details,,,,,,,,,,,,,,application_1710848715047_0073,1710857679.242205
metricsType=Details,,,,,,,,,,,,,,application_1710848715047_0073,1710857682.4508505
metricsType=Details,,,,,,,,,,,,,,application_1710848715047_0073,1710857685.637341
metricsType=Details,,,,,,,,,,,,,,application_1710848715047_0073,1710857688.8178434
metricsType=Details,,,,,,,,,,,,,,application_1710848715047_0073,1710857691.985178
metricsType=Details,,,,,,,,,,,,,,application_1710848715047_0073,1710857695.1433563
metricsType=Details,,,,,,,,,,,,,,application_1710848715047_0073,1710857698.321367
metricsType=Details,,,,,,,,,,,,,,application_1710848715047_0073,1710857701.4736376
metricsType=Details,,,,,,,,,,,,,,application_1710848715047_0073,1710857704.6172445
metricsType=Details,,,,,,,,,,,,,,application_1710848715047_0073,1710857707.76926
metricsType=Details,,,,,,,,,,,,,,application_1710848715047_0073,1710857710.9132724
metricsType=Details,,,,,,,,,,,,,,application_1710848715047_0073,1710857714.053337
metricsType=Details,,,,,,,,,,,,,,application_1710848715047_0073,1710857717.1940434
metricsType=Details,,,,,,,,,,,,,,application_1710848715047_0073,1710857720.343651
metricsType=Details,,,,,,,,,,,,,,application_1710848715047_0073,1710857723.4807904
metricsType=Details,,,,,,,,,,,,,,application_1710848715047_0074,1710857765.8837025
metricsType=Details,,,,,,,,,,,,,,application_1710848715047_0074,1710857769.0355961
metricsType=Details,,,,,,,,,,,,,,application_1710848715047_0074,1710857772.14361
metricsType=Details,,,,,,,,,,,,,,application_1710848715047_0074,1710857775.2512898
metricsType=Details,,,,,,,,,,,,,,application_1710848715047_0074,1710857778.3623414
metricsType=Details,,,,,,,,,,,,,,application_1710848715047_0074,1710857781.4643342
metricsType=Details,,,,,,,,,,,,,,application_1710848715047_0074,1710857784.6622856
metricsType=Details,,,,,,,,,,,,,,application_1710848715047_0074,1710857787.8583195
metricsType=Details,,,,,,,,,,,,,,application_1710848715047_0074,1710857791.0358148
metricsType=Details,,,,,,,,,,,,,,application_1710848715047_0074,1710857794.2038312
metricsType=Details,,,,,,,,,,,,,,application_1710848715047_0074,1710857797.3977098
metricsType=Details,,,,,,,,,,,,,,application_1710848715047_0074,1710857800.5594747
metricsType=Details,,,,,,,,,,,,,,application_1710848715047_0074,1710857803.7271836
metricsType=Details,,,,,,,,,,,,,,application_1710848715047_0074,1710857806.8901992
metricsType=Details,,,,,,,,,,,,,,application_1710848715047_0074,1710857810.055493
metricsType=Details,,,,,,,,,,,,,,application_1710848715047_0074,1710857813.2129502
metricsType=Details,,,,,,,,,,,,,,application_1710848715047_0074,1710857816.3853135
metricsType=Details,,,,,,,,,,,,,,application_1710848715047_0074,1710857819.5218308
metricsType=Details,,,,,,,,,,,,,,application_1710848715047_0074,1710857822.6802366
metricsType=Details,,,,,,,,,,,,,,application_1710848715047_0074,1710857825.828168
metricsType=Details,,,,,,,,,,,,,,application_1710848715047_0074,1710857828.9763684
metricsType=Details,,,,,,,,,,,,,,application_1710848715047_0074,1710857832.1194963
metricsType=Details,,,,,,,,,,,,,,application_1710848715047_0074,1710857835.2745495
metricsType=Details,,,,,,,,,,,,,,application_1710848715047_0074,1710857838.4251726
metricsType=Details,,,,,,,,,,,,,,application_1710848715047_0075,1710857880.783063
metricsType=Details,,,,,,,,,,,,,,application_1710848715047_0075,1710857883.8564029
metricsType=Details,,,,,,,,,,,,,,application_1710848715047_0075,1710857886.957536
metricsType=Details,,,,,,,,,,,,,,application_1710848715047_0075,1710857890.0657465
metricsType=Details,,,,,,,,,,,,,,application_1710848715047_0075,1710857893.1860108
metricsType=Details,,,,,,,,,,,,,,application_1710848715047_0075,1710857896.303539
metricsType=Details,,,,,,,,,,,,,,application_1710848715047_0075,1710857899.5025911
metricsType=Details,,,,,,,,,,,,,,application_1710848715047_0075,1710857902.6789083
metricsType=Details,,,,,,,,,,,,,,application_1710848715047_0075,1710857905.8614788
metricsType=Details,,,,,,,,,,,,,,application_1710848715047_0075,1710857909.0435946
metricsType=Details,,,,,,,,,,,,,,application_1710848715047_0075,1710857912.2095563
metricsType=Details,,,,,,,,,,,,,,application_1710848715047_0075,1710857915.3994012
metricsType=Details,,,,,,,,,,,,,,application_1710848715047_0075,1710857918.56169
metricsType=Details,,,,,,,,,,,,,,application_1710848715047_0075,1710857921.733568
metricsType=Details,,,,,,,,,,,,,,application_1710848715047_0075,1710857924.904996
metricsType=Details,,,,,,,,,,,,,,application_1710848715047_0075,1710857928.068077
metricsType=Details,,,,,,,,,,,,,,application_1710848715047_0075,1710857931.2339847
metricsType=Details,,,,,,,,,,,,,,application_1710848715047_0075,1710857934.3799002
metricsType=Details,,,,,,,,,,,,,,application_1710848715047_0076,1710857976.7314556
metricsType=Details,,,,,,,,,,,,,,application_1710848715047_0076,1710857979.8193944
metricsType=Details,,,,,,,,,,,,,,application_1710848715047_0076,1710857982.911937
metricsType=Details,,,,,,,,,,,,,,application_1710848715047_0076,1710857986.0279927
metricsType=Details,,,,,,,,,,,,,,application_1710848715047_0076,1710857989.139574
metricsType=Details,,,,,,,,,,,,,,application_1710848715047_0076,1710857992.2487674
metricsType=Details,,,,,,,,,,,,,,application_1710848715047_0076,1710857995.4593658
metricsType=Details,,,,,,,,,,,,,,application_1710848715047_0076,1710857998.6320384
metricsType=Details,,,,,,,,,,,,,,application_1710848715047_0076,1710858001.804715
metricsType=Details,,,,,,,,,,,,,,application_1710848715047_0076,1710858004.97591
metricsType=Details,,,,,,,,,,,,,,application_1710848715047_0076,1710858008.1471949
metricsType=Details,,,,,,,,,,,,,,application_1710848715047_0076,1710858011.322624
metricsType=Details,,,,,,,,,,,,,,application_1710848715047_0076,1710858014.4997075
metricsType=Details,,,,,,,,,,,,,,application_1710848715047_0076,1710858017.6669037
metricsType=Details,,,,,,,,,,,,,,application_1710848715047_0076,1710858020.8359501
metricsType=Details,,,,,,,,,,,,,,application_1710848715047_0076,1710858024.0130296
metricsType=Details,,,,,,,,,,,,,,application_1710848715047_0076,1710858027.1746988
metricsType=Details,,,,,,,,,,,,,,application_1710848715047_0076,1710858030.320803
metricsType=Details,,,,,,,,,,,,,,application_1710848715047_0076,1710858033.4844625
metricsType=Details,,,,,,,,,,,,,,application_1710848715047_0076,1710858036.6430748
metricsType=Details,,,,,,,,,,,,,,application_1710848715047_0076,1710858039.795786
metricsType=Details,,,,,,,,,,,,,,application_1710848715047_0077,1710858085.1879728
metricsType=Details,,,,,,,,,,,,,,application_1710848715047_0077,1710858088.2769794
metricsType=Details,,,,,,,,,,,,,,application_1710848715047_0077,1710858091.3904705
metricsType=Details,,,,,,,,,,,,,,application_1710848715047_0077,1710858094.5019798
metricsType=Details,,,,,,,,,,,,,,application_1710848715047_0077,1710858097.6161776
metricsType=Details,,,,,,,,,,,,,,application_1710848715047_0077,1710858100.7232773
metricsType=Details,,,,,,,,,,,,,,application_1710848715047_0077,1710858103.936075
metricsType=Details,,,,,,,,,,,,,,application_1710848715047_0077,1710858107.0981207
metricsType=Details,,,,,,,,,,,,,,application_1710848715047_0077,1710858110.281517
metricsType=Details,,,,,,,,,,,,,,application_1710848715047_0077,1710858113.449795
metricsType=Details,,,,,,,,,,,,,,application_1710848715047_0077,1710858116.6189485
metricsType=Details,,,,,,,,,,,,,,application_1710848715047_0077,1710858119.7897384
metricsType=Details,,,,,,,,,,,,,,application_1710848715047_0077,1710858122.9537976
metricsType=Details,,,,,,,,,,,,,,application_1710848715047_0077,1710858126.1127279
metricsType=Details,,,,,,,,,,,,,,application_1710848715047_0077,1710858129.2867231
metricsType=Details,,,,,,,,,,,,,,application_1710848715047_0077,1710858132.4286218
metricsType=Details,,,,,,,,,,,,,,application_1710848715047_0077,1710858135.5703423
metricsType=Details,,,,,,,,,,,,,,application_1710848715047_0077,1710858138.7260137
metricsType=Details,,,,,,,,,,,,,,application_1710848715047_0078,1710858184.1090832
metricsType=Details,,,,,,,,,,,,,,application_1710848715047_0078,1710858187.2644966
metricsType=Details,,,,,,,,,,,,,,application_1710848715047_0078,1710858190.372962
metricsType=Details,,,,,,,,,,,,,,application_1710848715047_0078,1710858193.4879339
metricsType=Details,,,,,,,,,,,,,,application_1710848715047_0078,1710858196.5996583
metricsType=Details,,,,,,,,,,,,,,application_1710848715047_0078,1710858199.700696
metricsType=Details,,,,,,,,,,,,,,application_1710848715047_0078,1710858202.9314883
metricsType=Details,,,,,,,,,,,,,,application_1710848715047_0078,1710858206.1008513
metricsType=Details,,,,,,,,,,,,,,application_1710848715047_0078,1710858209.282513
metricsType=Details,,,,,,,,,,,,,,application_1710848715047_0078,1710858212.4463992
metricsType=Details,,,,,,,,,,,,,,application_1710848715047_0078,1710858215.6249862
metricsType=Details,,,,,,,,,,,,,,application_1710848715047_0078,1710858218.8001268
metricsType=Details,,,,,,,,,,,,,,application_1710848715047_0078,1710858221.9588628
metricsType=Details,,,,,,,,,,,,,,application_1710848715047_0078,1710858225.1480281
metricsType=Details,,,,,,,,,,,,,,application_1710848715047_0078,1710858228.2958674
metricsType=Details,,,,,,,,,,,,,,application_1710848715047_0078,1710858231.4746995
metricsType=Details,,,,,,,,,,,,,,application_1710848715047_0078,1710858234.6215825
metricsType=Details,,,,,,,,,,,,,,application_1710848715047_0078,1710858237.7663863
metricsType=Details,,,,,,,,,,,,,,application_1710848715047_0079,1710858280.1441
metricsType=Details,,,,,,,,,,,,,,application_1710848715047_0079,1710858283.2251792
metricsType=Details,,,,,,,,,,,,,,application_1710848715047_0079,1710858286.331803
metricsType=Details,,,,,,,,,,,,,,application_1710848715047_0079,1710858289.4484441
metricsType=Details,,,,,,,,,,,,,,application_1710848715047_0079,1710858292.5558596
metricsType=Details,,,,,,,,,,,,,,application_1710848715047_0079,1710858295.6631439
metricsType=Details,,,,,,,,,,,,,,application_1710848715047_0079,1710858298.851411
metricsType=Details,,,,,,,,,,,,,,application_1710848715047_0079,1710858302.0348816
metricsType=Details,,,,,,,,,,,,,,application_1710848715047_0079,1710858305.2269545
metricsType=Details,,,,,,,,,,,,,,application_1710848715047_0079,1710858308.4035206
metricsType=Details,,,,,,,,,,,,,,application_1710848715047_0079,1710858311.5745337
metricsType=Details,,,,,,,,,,,,,,application_1710848715047_0079,1710858314.7391958
metricsType=Details,,,,,,,,,,,,,,application_1710848715047_0079,1710858317.9359694
metricsType=Details,,,,,,,,,,,,,,application_1710848715047_0079,1710858321.088836
metricsType=Details,,,,,,,,,,,,,,application_1710848715047_0079,1710858324.2634757
metricsType=Details,,,,,,,,,,,,,,application_1710848715047_0079,1710858327.4212728
metricsType=Details,,,,,,,,,,,,,,application_1710848715047_0079,1710858330.5766134
metricsType=Details,,,,,,,,,,,,,,application_1710848715047_0079,1710858333.7175004
metricsType=Details,,,,,,,,,,,,,,application_1710848715047_0080,1710858376.151822
metricsType=Details,,,,,,,,,,,,,,application_1710848715047_0080,1710858379.2373853
metricsType=Details,,,,,,,,,,,,,,application_1710848715047_0080,1710858382.3641584
metricsType=Details,,,,,,,,,,,,,,application_1710848715047_0080,1710858385.4804206
metricsType=Details,,,,,,,,,,,,,,application_1710848715047_0080,1710858388.598408
metricsType=Details,,,,,,,,,,,,,,application_1710848715047_0080,1710858391.7097893
metricsType=Details,,,,,,,,,,,,,,application_1710848715047_0080,1710858394.9548836
metricsType=Details,,,,,,,,,,,,,,application_1710848715047_0080,1710858398.1452744
metricsType=Details,,,,,,,,,,,,,,application_1710848715047_0080,1710858401.3393254
metricsType=Details,,,,,,,,,,,,,,application_1710848715047_0080,1710858404.5085788
metricsType=Details,,,,,,,,,,,,,,application_1710848715047_0080,1710858407.69649
metricsType=Details,,,,,,,,,,,,,,application_1710848715047_0080,1710858410.8754387
metricsType=Details,,,,,,,,,,,,,,application_1710848715047_0080,1710858414.0678737
metricsType=Details,,,,,,,,,,,,,,application_1710848715047_0080,1710858417.2515686
metricsType=Details,,,,,,,,,,,,,,application_1710848715047_0080,1710858420.4305563
metricsType=Details,,,,,,,,,,,,,,application_1710848715047_0080,1710858423.616419
metricsType=Details,,,,,,,,,,,,,,application_1710848715047_0080,1710858426.800593
metricsType=Details,,,,,,,,,,,,,,application_1710848715047_0080,1710858429.9531417
metricsType=Details,,,,,,,,,,,,,,application_1710848715047_0081,1710858472.3187273
metricsType=Details,,,,,,,,,,,,,,application_1710848715047_0081,1710858475.395299
metricsType=Details,,,,,,,,,,,,,,application_1710848715047_0081,1710858478.5193012
metricsType=Details,,,,,,,,,,,,,,application_1710848715047_0081,1710858481.6190464
metricsType=Details,,,,,,,,,,,,,,application_1710848715047_0081,1710858484.7439332
metricsType=Details,,,,,,,,,,,,,,application_1710848715047_0081,1710858487.8516912
metricsType=Details,,,,,,,,,,,,,,application_1710848715047_0081,1710858491.0304105
metricsType=Details,,,,,,,,,,,,,,application_1710848715047_0081,1710858494.2217572
metricsType=Details,,,,,,,,,,,,,,application_1710848715047_0081,1710858497.4010036
metricsType=Details,,,,,,,,,,,,,,application_1710848715047_0081,1710858500.6234622
metricsType=Details,,,,,,,,,,,,,,application_1710848715047_0081,1710858503.8460011
metricsType=Details,,,,,,,,,,,,,,application_1710848715047_0081,1710858507.023638
metricsType=Details,,,,,,,,,,,,,,application_1710848715047_0081,1710858510.1980522
metricsType=Details,,,,,,,,,,,,,,application_1710848715047_0081,1710858513.3712926
metricsType=Details,,,,,,,,,,,,,,application_1710848715047_0081,1710858516.538687
metricsType=Details,,,,,,,,,,,,,,application_1710848715047_0081,1710858519.7052724
metricsType=Details,,,,,,,,,,,,,,application_1710848715047_0081,1710858522.8574317
metricsType=Details,,,,,,,,,,,,,,application_1710848715047_0081,1710858525.9991388
metricsType=Details,,,,,,,,,,,,,,application_1710848715047_0082,1710858568.3399014
metricsType=Details,,,,,,,,,,,,,,application_1710848715047_0082,1710858571.4247222
metricsType=Details,,,,,,,,,,,,,,application_1710848715047_0082,1710858574.5422728
metricsType=Details,,,,,,,,,,,,,,application_1710848715047_0082,1710858577.642212
metricsType=Details,,,,,,,,,,,,,,application_1710848715047_0082,1710858580.7478817
metricsType=Details,,,,,,,,,,,,,,application_1710848715047_0082,1710858583.8618424
metricsType=Details,,,,,,,,,,,,,,application_1710848715047_0082,1710858587.0489376
metricsType=Details,,,,,,,,,,,,,,application_1710848715047_0082,1710858590.226044
metricsType=Details,,,,,,,,,,,,,,application_1710848715047_0082,1710858593.4197516
metricsType=Details,,,,,,,,,,,,,,application_1710848715047_0082,1710858596.5966942
metricsType=Details,,,,,,,,,,,,,,application_1710848715047_0082,1710858599.7727687
metricsType=Details,,,,,,,,,,,,,,application_1710848715047_0082,1710858602.9406574
metricsType=Details,,,,,,,,,,,,,,application_1710848715047_0082,1710858606.112
metricsType=Details,,,,,,,,,,,,,,application_1710848715047_0082,1710858609.2784505
metricsType=Details,,,,,,,,,,,,,,application_1710848715047_0082,1710858612.4549289
metricsType=Details,,,,,,,,,,,,,,application_1710848715047_0082,1710858615.6383038
metricsType=Details,,,,,,,,,,,,,,application_1710848715047_0082,1710858618.7968912
metricsType=Details,,,,,,,,,,,,,,application_1710848715047_0082,1710858621.9489722
metricsType=Details,,,,,,,,,,,,,,application_1710848715047_0083,1710858664.3273885
metricsType=Details,,,,,,,,,,,,,,application_1710848715047_0083,1710858667.4000204
metricsType=Details,,,,,,,,,,,,,,application_1710848715047_0083,1710858670.523431
metricsType=Details,,,,,,,,,,,,,,application_1710848715047_0083,1710858673.6280448
metricsType=Details,,,,,,,,,,,,,,application_1710848715047_0083,1710858676.7439544
metricsType=Details,,,,,,,,,,,,,,application_1710848715047_0083,1710858679.862411
metricsType=Details,,,,,,,,,,,,,,application_1710848715047_0083,1710858683.0601714
metricsType=Details,,,,,,,,,,,,,,application_1710848715047_0083,1710858686.2514539
metricsType=Details,,,,,,,,,,,,,,application_1710848715047_0083,1710858689.44523
metricsType=Details,,,,,,,,,,,,,,application_1710848715047_0083,1710858692.622613
metricsType=Details,,,,,,,,,,,,,,application_1710848715047_0083,1710858695.816118
metricsType=Details,,,,,,,,,,,,,,application_1710848715047_0083,1710858698.9916153
metricsType=Details,,,,,,,,,,,,,,application_1710848715047_0083,1710858702.161714
metricsType=Details,,,,,,,,,,,,,,application_1710848715047_0083,1710858705.3267012
metricsType=Details,,,,,,,,,,,,,,application_1710848715047_0083,1710858708.49068
metricsType=Details,,,,,,,,,,,,,,application_1710848715047_0083,1710858711.6738544
metricsType=Details,,,,,,,,,,,,,,application_1710848715047_0083,1710858714.8301606
metricsType=Details,,,,,,,,,,,,,,application_1710848715047_0083,1710858717.9911888
metricsType=Details,,,,,,,,,,,,,,application_1710848715047_0084,1710858763.4287264
metricsType=Details,,,,,,,,,,,,,,application_1710848715047_0084,1710858766.5332632
metricsType=Details,,,,,,,,,,,,,,application_1710848715047_0084,1710858769.6487007
metricsType=Details,,,,,,,,,,,,,,application_1710848715047_0084,1710858772.7546802
metricsType=Details,,,,,,,,,,,,,,application_1710848715047_0084,1710858775.8782678
metricsType=Details,,,,,,,,,,,,,,application_1710848715047_0084,1710858778.9897425
metricsType=Details,,,,,,,,,,,,,,application_1710848715047_0084,1710858782.2258215
metricsType=Details,,,,,,,,,,,,,,application_1710848715047_0084,1710858785.403894
metricsType=Details,,,,,,,,,,,,,,application_1710848715047_0084,1710858788.597499
metricsType=Details,,,,,,,,,,,,,,application_1710848715047_0084,1710858791.7844095
metricsType=Details,,,,,,,,,,,,,,application_1710848715047_0084,1710858794.957831
metricsType=Details,,,,,,,,,,,,,,application_1710848715047_0084,1710858798.1356704
metricsType=Details,,,,,,,,,,,,,,application_1710848715047_0084,1710858801.3086505
metricsType=Details,,,,,,,,,,,,,,application_1710848715047_0084,1710858804.4787529
metricsType=Details,,,,,,,,,,,,,,application_1710848715047_0084,1710858807.6729789
metricsType=Details,,,,,,,,,,,,,,application_1710848715047_0084,1710858810.852047
metricsType=Details,,,,,,,,,,,,,,application_1710848715047_0084,1710858814.0128973
metricsType=Details,,,,,,,,,,,,,,application_1710848715047_0084,1710858817.1645656
metricsType=Details,,,,,,,,,,,,,,application_1710848715047_0084,1710858820.3102412
metricsType=Details,,,,,,,,,,,,,,application_1710848715047_0085,1710858862.7069304
metricsType=Details,,,,,,,,,,,,,,application_1710848715047_0085,1710858865.808888
metricsType=Details,,,,,,,,,,,,,,application_1710848715047_0085,1710858868.9137623
metricsType=Details,,,,,,,,,,,,,,application_1710848715047_0085,1710858872.0176232
metricsType=Details,,,,,,,,,,,,,,application_1710848715047_0085,1710858875.128051
metricsType=Details,,,,,,,,,,,,,,application_1710848715047_0085,1710858878.240262
metricsType=Details,,,,,,,,,,,,,,application_1710848715047_0085,1710858881.4621904
metricsType=Details,,,,,,,,,,,,,,application_1710848715047_0085,1710858884.6328447
metricsType=Details,,,,,,,,,,,,,,application_1710848715047_0085,1710858887.8077893
metricsType=Details,,,,,,,,,,,,,,application_1710848715047_0085,1710858890.9877198
metricsType=Details,,,,,,,,,,,,,,application_1710848715047_0085,1710858894.1654496
metricsType=Details,,,,,,,,,,,,,,application_1710848715047_0085,1710858897.3391645
metricsType=Details,,,,,,,,,,,,,,application_1710848715047_0085,1710858900.5252776
metricsType=Details,,,,,,,,,,,,,,application_1710848715047_0085,1710858903.6850772
metricsType=Details,,,,,,,,,,,,,,application_1710848715047_0085,1710858906.860051
metricsType=Details,,,,,,,,,,,,,,application_1710848715047_0085,1710858910.03832
metricsType=Details,,,,,,,,,,,,,,application_1710848715047_0085,1710858913.1905725
metricsType=Details,,,,,,,,,,,,,,application_1710848715047_0086,1710858955.5710394
metricsType=Details,,,,,,,,,,,,,,application_1710848715047_0086,1710858958.6577785
metricsType=Details,,,,,,,,,,,,,,application_1710848715047_0086,1710858961.7862558
metricsType=Details,,,,,,,,,,,,,,application_1710848715047_0086,1710858964.8810928
metricsType=Details,,,,,,,,,,,,,,application_1710848715047_0086,1710858968.0232043
metricsType=Details,,,,,,,,,,,,,,application_1710848715047_0086,1710858971.1000297
metricsType=Details,,,,,,,,,,,,,,application_1710848715047_0086,1710858974.3277428
metricsType=Details,,,,,,,,,,,,,,application_1710848715047_0086,1710858977.4996202
metricsType=Details,,,,,,,,,,,,,,application_1710848715047_0086,1710858980.6852267
metricsType=Details,,,,,,,,,,,,,,application_1710848715047_0086,1710858983.8627992
metricsType=Details,,,,,,,,,,,,,,application_1710848715047_0086,1710858987.044118
metricsType=Details,,,,,,,,,,,,,,application_1710848715047_0086,1710858990.2169816
metricsType=Details,,,,,,,,,,,,,,application_1710848715047_0086,1710858993.3905902
metricsType=Details,,,,,,,,,,,,,,application_1710848715047_0086,1710858996.5650358
metricsType=Details,,,,,,,,,,,,,,application_1710848715047_0086,1710858999.7246633
metricsType=Details,,,,,,,,,,,,,,application_1710848715047_0086,1710859002.886829
metricsType=Details,,,,,,,,,,,,,,application_1710848715047_0086,1710859006.031338
metricsType=Details,,,,,,,,,,,,,,application_1710848715047_0086,1710859009.1808882
metricsType=Details,,,,,,,,,,,,,,application_1710848715047_0087,1710859051.5370636
metricsType=Details,,,,,,,,,,,,,,application_1710848715047_0087,1710859054.612692
metricsType=Details,,,,,,,,,,,,,,application_1710848715047_0087,1710859057.7170932
metricsType=Details,,,,,,,,,,,,,,application_1710848715047_0087,1710859060.812833
metricsType=Details,,,,,,,,,,,,,,application_1710848715047_0087,1710859063.9332604
metricsType=Details,,,,,,,,,,,,,,application_1710848715047_0087,1710859067.068647
metricsType=Details,,,,,,,,,,,,,,application_1710848715047_0087,1710859070.2163131
metricsType=Details,,,,,,,,,,,,,,application_1710848715047_0087,1710859073.379367
metricsType=Details,,,,,,,,,,,,,,application_1710848715047_0087,1710859076.559858
metricsType=Details,,,,,,,,,,,,,,application_1710848715047_0087,1710859079.7116506
metricsType=Details,,,,,,,,,,,,,,application_1710848715047_0087,1710859082.8840535
metricsType=Details,,,,,,,,,,,,,,application_1710848715047_0087,1710859086.0635374
metricsType=Details,,,,,,,,,,,,,,application_1710848715047_0087,1710859089.2299597
metricsType=Details,,,,,,,,,,,,,,application_1710848715047_0087,1710859092.399015
metricsType=Details,,,,,,,,,,,,,,application_1710848715047_0087,1710859095.554048
metricsType=Details,,,,,,,,,,,,,,application_1710848715047_0087,1710859098.7034779
metricsType=Details,,,,,,,,,,,,,,application_1710848715047_0087,1710859101.8524978
metricsType=Details,,,,,,,,,,,,,,application_1710848715047_0087,1710859105.0191958
metricsType=Details,,,,,,,,,,,,,,application_1710848715047_0087,1710859108.1460779
metricsType=Details,,,,,,,,,,,,,,application_1710848715047_0087,1710859111.2854064
metricsType=Details,,,,,,,,,,,,,,application_1710848715047_0087,1710859114.429505
metricsType=Details,,,,,,,,,,,,,,application_1710848715047_0087,1710859117.5735545
metricsType=Details,,,,,,,,,,,,,,application_1710848715047_0087,1710859120.710182
metricsType=Details,,,,,,,,,,,,,,application_1710848715047_0087,1710859123.856713
metricsType=Details,,,,,,,,,,,,,,application_1710848715047_0087,1710859127.006866
metricsType=Details,,,,,,,,,,,,,,application_1710848715047_0087,1710859130.154375
metricsType=Details,,,,,,,,,,,,,,application_1710848715047_0087,1710859133.3050766
metricsType=Details,,,,,,,,,,,,,,application_1710848715047_0087,1710859136.45282
metricsType=Details,,,,,,,,,,,,,,application_1710848715047_0087,1710859140.6140676
metricsType=Details,,,,,,,,,,,,,,application_1710848715047_0087,1710859143.7625618
metricsType=Details,,,,,,,,,,,,,,application_1710848715047_0087,1710859146.9084399
metricsType=Details,,,,,,,,,,,,,,application_1710848715047_0087,1710859150.0545185
metricsType=Details,,,,,,,,,,,,,,application_1710848715047_0087,1710859153.1996698
metricsType=Details,,,,,,,,,,,,,,application_1710848715047_0088,1710859196.5741904
metricsType=Details,,,,,,,,,,,,,,application_1710848715047_0088,1710859199.6842496
metricsType=Details,,,,,,,,,,,,,,application_1710848715047_0088,1710859202.7897902
metricsType=Details,,,,,,,,,,,,,,application_1710848715047_0088,1710859205.906902
metricsType=Details,,,,,,,,,,,,,,application_1710848715047_0088,1710859209.0181649
metricsType=Details,,,,,,,,,,,,,,application_1710848715047_0088,1710859212.1341896
metricsType=Details,,,,,,,,,,,,,,application_1710848715047_0088,1710859215.3746886
metricsType=Details,,,,,,,,,,,,,,application_1710848715047_0088,1710859218.5423265
metricsType=Details,,,,,,,,,,,,,,application_1710848715047_0088,1710859221.7311673
metricsType=Details,,,,,,,,,,,,,,application_1710848715047_0088,1710859224.9054992
metricsType=Details,,,,,,,,,,,,,,application_1710848715047_0088,1710859228.0985255
metricsType=Details,,,,,,,,,,,,,,application_1710848715047_0088,1710859231.291337
metricsType=Details,,,,,,,,,,,,,,application_1710848715047_0088,1710859234.4615664
metricsType=Details,,,,,,,,,,,,,,application_1710848715047_0088,1710859237.622803
metricsType=Details,,,,,,,,,,,,,,application_1710848715047_0088,1710859240.7826777
metricsType=Details,,,,,,,,,,,,,,application_1710848715047_0088,1710859243.936356
metricsType=Details,,,,,,,,,,,,,,application_1710848715047_0088,1710859247.0932877
metricsType=Details,,,,,,,,,,,,,,application_1710848715047_0088,1710859250.2412214
metricsType=Details,,,,,,,,,,,,,,application_1710848715047_0088,1710859253.3901951
metricsType=Details,,,,,,,,,,,,,,application_1710848715047_0089,1710859295.81217
metricsType=Details,,,,,,,,,,,,,,application_1710848715047_0089,1710859298.9227667
metricsType=Details,,,,,,,,,,,,,,application_1710848715047_0089,1710859302.0271263
metricsType=Details,,,,,,,,,,,,,,application_1710848715047_0089,1710859305.1494455
metricsType=Details,,,,,,,,,,,,,,application_1710848715047_0089,1710859308.2602186
metricsType=Details,,,,,,,,,,,,,,application_1710848715047_0089,1710859311.3841856
metricsType=Details,,,,,,,,,,,,,,application_1710848715047_0089,1710859314.6113572
metricsType=Details,,,,,,,,,,,,,,application_1710848715047_0089,1710859317.791299
metricsType=Details,,,,,,,,,,,,,,application_1710848715047_0089,1710859320.9676101
metricsType=Details,,,,,,,,,,,,,,application_1710848715047_0089,1710859324.1564152
metricsType=Details,,,,,,,,,,,,,,application_1710848715047_0089,1710859327.342088
metricsType=Details,,,,,,,,,,,,,,application_1710848715047_0089,1710859330.515438
metricsType=Details,,,,,,,,,,,,,,application_1710848715047_0089,1710859333.6870863
metricsType=Details,,,,,,,,,,,,,,application_1710848715047_0089,1710859336.8548145
metricsType=Details,,,,,,,,,,,,,,application_1710848715047_0089,1710859340.0198944
metricsType=Details,,,,,,,,,,,,,,application_1710848715047_0089,1710859343.1861646
metricsType=Details,,,,,,,,,,,,,,application_1710848715047_0089,1710859346.3346906
metricsType=Details,,,,,,,,,,,,,,application_1710848715047_0089,1710859349.4864318
metricsType=Details,,,,,,,,,,,,,,application_1710848715047_0089,1710859352.6425834
metricsType=Details,,,,,,,,,,,,,,application_1710848715047_0089,1710859355.7948494
metricsType=Details,,,,,,,,,,,,,,application_1710848715047_0089,1710859358.9318504
metricsType=Details,,,,,,,,,,,,,,application_1710848715047_0089,1710859362.0711381
metricsType=Details,,,,,,,,,,,,,,application_1710848715047_0089,1710859365.221311
metricsType=Details,,,,,,,,,,,,,,application_1710848715047_0090,1710859407.5998065
metricsType=Details,,,,,,,,,,,,,,application_1710848715047_0090,1710859410.6827881
metricsType=Details,,,,,,,,,,,,,,application_1710848715047_0090,1710859413.8011515
metricsType=Details,,,,,,,,,,,,,,application_1710848715047_0090,1710859416.9088256
metricsType=Details,,,,,,,,,,,,,,application_1710848715047_0090,1710859420.0345004
metricsType=Details,,,,,,,,,,,,,,application_1710848715047_0090,1710859423.1556776
metricsType=Details,,,,,,,,,,,,,,application_1710848715047_0090,1710859426.3872266
metricsType=Details,,,,,,,,,,,,,,application_1710848715047_0090,1710859429.5738063
metricsType=Details,,,,,,,,,,,,,,application_1710848715047_0090,1710859432.7715156
metricsType=Details,,,,,,,,,,,,,,application_1710848715047_0090,1710859435.961042
metricsType=Details,,,,,,,,,,,,,,application_1710848715047_0090,1710859439.1518176
metricsType=Details,,,,,,,,,,,,,,application_1710848715047_0090,1710859442.3296976
metricsType=Details,,,,,,,,,,,,,,application_1710848715047_0090,1710859445.5335321
metricsType=Details,,,,,,,,,,,,,,application_1710848715047_0090,1710859448.7101038
metricsType=Details,,,,,,,,,,,,,,application_1710848715047_0090,1710859451.8772056
metricsType=Details,,,,,,,,,,,,,,application_1710848715047_0090,1710859455.045644
metricsType=Details,,,,,,,,,,,,,,application_1710848715047_0090,1710859458.2208958
metricsType=Details,,,,,,,,,,,,,,application_1710848715047_0090,1710859461.3762312
metricsType=Details,,,,,,,,,,,,,,application_1710848715047_0091,1710859503.745989
metricsType=Details,,,,,,,,,,,,,,application_1710848715047_0091,1710859506.8410466
metricsType=Details,,,,,,,,,,,,,,application_1710848715047_0091,1710859509.9711955
metricsType=Details,,,,,,,,,,,,,,application_1710848715047_0091,1710859513.068779
metricsType=Details,,,,,,,,,,,,,,application_1710848715047_0091,1710859516.1782897
metricsType=Details,,,,,,,,,,,,,,application_1710848715047_0091,1710859519.277591
metricsType=Details,,,,,,,,,,,,,,application_1710848715047_0091,1710859522.452664
metricsType=Details,,,,,,,,,,,,,,application_1710848715047_0091,1710859525.6296554
metricsType=Details,,,,,,,,,,,,,,application_1710848715047_0091,1710859528.813608
metricsType=Details,,,,,,,,,,,,,,application_1710848715047_0091,1710859531.9880064
metricsType=Details,,,,,,,,,,,,,,application_1710848715047_0091,1710859535.1843688
metricsType=Details,,,,,,,,,,,,,,application_1710848715047_0091,1710859538.3428059
metricsType=Details,,,,,,,,,,,,,,application_1710848715047_0091,1710859541.5124946
metricsType=Details,,,,,,,,,,,,,,application_1710848715047_0091,1710859544.6832354
metricsType=Details,,,,,,,,,,,,,,application_1710848715047_0091,1710859547.8440423
metricsType=Details,,,,,,,,,,,,,,application_1710848715047_0091,1710859551.0178814
metricsType=Details,,,,,,,,,,,,,,application_1710848715047_0091,1710859554.1829226
metricsType=Details,,,,,,,,,,,,,,application_1710848715047_0091,1710859557.3256845
metricsType=Details,,,,,,,,,,,,,,application_1710848715047_0092,1710859599.686221
metricsType=Details,,,,,,,,,,,,,,application_1710848715047_0092,1710859602.7649784
metricsType=Details,,,,,,,,,,,,,,application_1710848715047_0092,1710859605.873971
metricsType=Details,,,,,,,,,,,,,,application_1710848715047_0092,1710859608.9833953
metricsType=Details,,,,,,,,,,,,,,application_1710848715047_0092,1710859612.0911832
metricsType=Details,,,,,,,,,,,,,,application_1710848715047_0092,1710859615.1933582
metricsType=Details,,,,,,,,,,,,,,application_1710848715047_0092,1710859618.3913608
metricsType=Details,,,,,,,,,,,,,,application_1710848715047_0092,1710859621.580344
metricsType=Details,,,,,,,,,,,,,,application_1710848715047_0092,1710859624.7610228
metricsType=Details,,,,,,,,,,,,,,application_1710848715047_0092,1710859627.9259534
metricsType=Details,,,,,,,,,,,,,,application_1710848715047_0092,1710859631.1115396
metricsType=Details,,,,,,,,,,,,,,application_1710848715047_0092,1710859634.2756326
metricsType=Details,,,,,,,,,,,,,,application_1710848715047_0092,1710859637.4806464
metricsType=Details,,,,,,,,,,,,,,application_1710848715047_0092,1710859640.6511843
metricsType=Details,,,,,,,,,,,,,,application_1710848715047_0092,1710859643.8148706
metricsType=Details,,,,,,,,,,,,,,application_1710848715047_0092,1710859646.9920328
metricsType=Details,,,,,,,,,,,,,,application_1710848715047_0092,1710859650.1298392
metricsType=Details,,,,,,,,,,,,,,application_1710848715047_0092,1710859653.2691336
metricsType=Details,,,,,,,,,,,,,,application_1710848715047_0093,1710859692.6418417
metricsType=Details,,,,,,,,,,,,,,application_1710848715047_0093,1710859695.7228808
metricsType=Details,,,,,,,,,,,,,,application_1710848715047_0093,1710859698.828243
metricsType=Details,,,,,,,,,,,,,,application_1710848715047_0093,1710859701.9328995
metricsType=Details,,,,,,,,,,,,,,application_1710848715047_0093,1710859705.045697
metricsType=Details,,,,,,,,,,,,,,application_1710848715047_0093,1710859708.1555343
metricsType=Details,,,,,,,,,,,,,,application_1710848715047_0093,1710859711.3158095
metricsType=Details,,,,,,,,,,,,,,application_1710848715047_0093,1710859714.5010936
metricsType=Details,,,,,,,,,,,,,,application_1710848715047_0093,1710859717.6803842
metricsType=Details,,,,,,,,,,,,,,application_1710848715047_0093,1710859721.8723743
metricsType=Details,,,,,,,,,,,,,,application_1710848715047_0093,1710859725.0471175
metricsType=Details,,,,,,,,,,,,,,application_1710848715047_0093,1710859728.2160454
metricsType=Details,,,,,,,,,,,,,,application_1710848715047_0093,1710859731.393134
metricsType=Details,,,,,,,,,,,,,,application_1710848715047_0093,1710859734.5651262
metricsType=Details,,,,,,,,,,,,,,application_1710848715047_0093,1710859737.740824
metricsType=Details,,,,,,,,,,,,,,application_1710848715047_0093,1710859740.8977845
metricsType=Details,,,,,,,,,,,,,,application_1710848715047_0093,1710859744.0540133
metricsType=Details,,,,,,,,,,,,,,application_1710848715047_0093,1710859747.2000573
metricsType=Details,,,,,,,,,,,,,,application_1710848715047_0093,1710859750.3447585
metricsType=Details,,,,,,,,,,,,,,application_1710848715047_0094,1710859792.7357247
metricsType=Details,,,,,,,,,,,,,,application_1710848715047_0094,1710859795.8242984
metricsType=Details,,,,,,,,,,,,,,application_1710848715047_0094,1710859798.9336455
metricsType=Details,,,,,,,,,,,,,,application_1710848715047_0094,1710859802.0641096
metricsType=Details,,,,,,,,,,,,,,application_1710848715047_0094,1710859805.1509647
metricsType=Details,,,,,,,,,,,,,,application_1710848715047_0094,1710859808.2587264
metricsType=Details,,,,,,,,,,,,,,application_1710848715047_0094,1710859811.3721948
metricsType=Details,,,,,,,,,,,,,,application_1710848715047_0094,1710859814.6292734
metricsType=Details,,,,,,,,,,,,,,application_1710848715047_0094,1710859817.8074048
metricsType=Details,,,,,,,,,,,,,,application_1710848715047_0094,1710859821.0105667
metricsType=Details,,,,,,,,,,,,,,application_1710848715047_0094,1710859824.1939046
metricsType=Details,,,,,,,,,,,,,,application_1710848715047_0094,1710859827.3684244
metricsType=Details,,,,,,,,,,,,,,application_1710848715047_0094,1710859830.5585773
metricsType=Details,,,,,,,,,,,,,,application_1710848715047_0094,1710859833.7572231
metricsType=Details,,,,,,,,,,,,,,application_1710848715047_0094,1710859836.9226437
metricsType=Details,,,,,,,,,,,,,,application_1710848715047_0094,1710859840.0958927
metricsType=Details,,,,,,,,,,,,,,application_1710848715047_0094,1710859843.2723444
metricsType=Details,,,,,,,,,,,,,,application_1710848715047_0094,1710859846.4334054
metricsType=Details,,,,,,,,,,,,,,application_1710848715047_0095,1710859888.8084633
metricsType=Details,,,,,,,,,,,,,,application_1710848715047_0095,1710859891.8963974
metricsType=Details,,,,,,,,,,,,,,application_1710848715047_0095,1710859894.9982386
metricsType=Details,,,,,,,,,,,,,,application_1710848715047_0095,1710859898.1127079
metricsType=Details,,,,,,,,,,,,,,application_1710848715047_0095,1710859901.220787
metricsType=Details,,,,,,,,,,,,,,application_1710848715047_0095,1710859904.3361104
metricsType=Details,,,,,,,,,,,,,,application_1710848715047_0095,1710859907.5269175
metricsType=Details,,,,,,,,,,,,,,application_1710848715047_0095,1710859910.6985257
metricsType=Details,,,,,,,,,,,,,,application_1710848715047_0095,1710859913.8739097
metricsType=Details,,,,,,,,,,,,,,application_1710848715047_0095,1710859917.0482965
metricsType=Details,,,,,,,,,,,,,,application_1710848715047_0095,1710859920.235158
metricsType=Details,,,,,,,,,,,,,,application_1710848715047_0095,1710859923.4024272
metricsType=Details,,,,,,,,,,,,,,application_1710848715047_0095,1710859926.578521
metricsType=Details,,,,,,,,,,,,,,application_1710848715047_0095,1710859929.7542493
metricsType=Details,,,,,,,,,,,,,,application_1710848715047_0095,1710859932.9274065
metricsType=Details,,,,,,,,,,,,,,application_1710848715047_0095,1710859936.0910974
metricsType=Details,,,,,,,,,,,,,,application_1710848715047_0095,1710859939.2656271
metricsType=Details,,,,,,,,,,,,,,application_1710848715047_0095,1710859942.4234552
metricsType=Details,,,,,,,,,,,,,,application_1710848715047_0096,1710859984.8204489
metricsType=Details,,,,,,,,,,,,,,application_1710848715047_0096,1710859987.9028783
metricsType=Details,,,,,,,,,,,,,,application_1710848715047_0096,1710859991.0180414
metricsType=Details,,,,,,,,,,,,,,application_1710848715047_0096,1710859994.1379905
metricsType=Details,,,,,,,,,,,,,,application_1710848715047_0096,1710859997.2576566
metricsType=Details,,,,,,,,,,,,,,application_1710848715047_0096,1710860000.3805707
metricsType=Details,,,,,,,,,,,,,,application_1710848715047_0096,1710860003.5803232
metricsType=Details,,,,,,,,,,,,,,application_1710848715047_0096,1710860006.7719932
metricsType=Details,,,,,,,,,,,,,,application_1710848715047_0096,1710860009.9571657
metricsType=Details,,,,,,,,,,,,,,application_1710848715047_0096,1710860013.1309004
metricsType=Details,,,,,,,,,,,,,,application_1710848715047_0096,1710860016.3105145
metricsType=Details,,,,,,,,,,,,,,application_1710848715047_0096,1710860019.4972165
metricsType=Details,,,,,,,,,,,,,,application_1710848715047_0096,1710860022.7037976
metricsType=Details,,,,,,,,,,,,,,application_1710848715047_0096,1710860025.8815699
metricsType=Details,,,,,,,,,,,,,,application_1710848715047_0096,1710860029.0546117
metricsType=Details,,,,,,,,,,,,,,application_1710848715047_0096,1710860032.2229524
metricsType=Details,,,,,,,,,,,,,,application_1710848715047_0096,1710860035.3813655
metricsType=Details,,,,,,,,,,,,,,application_1710848715047_0096,1710860038.5338588
metricsType=Details,,,,,,,,,,,,,,application_1710848715047_0096,1710860041.6825845
metricsType=Details,,,,,,,,,,,,,,application_1710848715047_0096,1710860044.8382206
metricsType=Details,,,,,,,,,,,,,,application_1710848715047_0097,1710860087.219709
metricsType=Details,,,,,,,,,,,,,,application_1710848715047_0097,1710860090.2894826
metricsType=Details,,,,,,,,,,,,,,application_1710848715047_0097,1710860093.4047
metricsType=Details,,,,,,,,,,,,,,application_1710848715047_0097,1710860096.5096948
metricsType=Details,,,,,,,,,,,,,,application_1710848715047_0097,1710860099.6095982
metricsType=Details,,,,,,,,,,,,,,application_1710848715047_0097,1710860102.7111616
metricsType=Details,,,,,,,,,,,,,,application_1710848715047_0097,1710860105.8938649
metricsType=Details,,,,,,,,,,,,,,application_1710848715047_0097,1710860109.05927
metricsType=Details,,,,,,,,,,,,,,application_1710848715047_0097,1710860112.2373223
metricsType=Details,,,,,,,,,,,,,,application_1710848715047_0097,1710860115.4136055
metricsType=Details,,,,,,,,,,,,,,application_1710848715047_0097,1710860118.5910256
metricsType=Details,,,,,,,,,,,,,,application_1710848715047_0097,1710860121.7498024
metricsType=Details,,,,,,,,,,,,,,application_1710848715047_0097,1710860124.9372275
metricsType=Details,,,,,,,,,,,,,,application_1710848715047_0097,1710860128.0978591
metricsType=Details,,,,,,,,,,,,,,application_1710848715047_0097,1710860131.2712362
metricsType=Details,,,,,,,,,,,,,,application_1710848715047_0097,1710860134.438236
metricsType=Details,,,,,,,,,,,,,,application_1710848715047_0097,1710860137.590404
metricsType=Details,,,,,,,,,,,,,,application_1710848715047_0097,1710860140.7302356
metricsType=Details,,,,,,,,,,,,,,application_1710848715047_0098,1710860183.0848267
metricsType=Details,,,,,,,,,,,,,,application_1710848715047_0098,1710860186.2188964
metricsType=Details,,,,,,,,,,,,,,application_1710848715047_0098,1710860189.3482435
metricsType=Details,,,,,,,,,,,,,,application_1710848715047_0098,1710860192.466818
metricsType=Details,,,,,,,,,,,,,,application_1710848715047_0098,1710860195.595024
metricsType=Details,,,,,,,,,,,,,,application_1710848715047_0098,1710860198.7165365
metricsType=Details,,,,,,,,,,,,,,application_1710848715047_0098,1710860202.004041
metricsType=Details,,,,,,,,,,,,,,application_1710848715047_0098,1710860205.1885905
metricsType=Details,,,,,,,,,,,,,,application_1710848715047_0098,1710860208.369353
metricsType=Details,,,,,,,,,,,,,,application_1710848715047_0098,1710860211.5475533
metricsType=Details,,,,,,,,,,,,,,application_1710848715047_0098,1710860214.725132
metricsType=Details,,,,,,,,,,,,,,application_1710848715047_0098,1710860217.8986938
metricsType=Details,,,,,,,,,,,,,,application_1710848715047_0098,1710860221.0782306
metricsType=Details,,,,,,,,,,,,,,application_1710848715047_0098,1710860224.251322
metricsType=Details,,,,,,,,,,,,,,application_1710848715047_0098,1710860227.4152048
metricsType=Details,,,,,,,,,,,,,,application_1710848715047_0098,1710860230.5924993
metricsType=Details,,,,,,,,,,,,,,application_1710848715047_0098,1710860233.7179613
metricsType=Details,,,,,,,,,,,,,,application_1710848715047_0098,1710860236.8657231
metricsType=Details,,,,,,,,,,,,,,application_1710848715047_0098,1710860239.99879
metricsType=Details,,,,,,,,,,,,,,application_1710848715047_0099,1710860282.3768609
metricsType=Details,,,,,,,,,,,,,,application_1710848715047_0099,1710860285.4566216
metricsType=Details,,,,,,,,,,,,,,application_1710848715047_0099,1710860288.5669622
metricsType=Details,,,,,,,,,,,,,,application_1710848715047_0099,1710860291.687037
metricsType=Details,,,,,,,,,,,,,,application_1710848715047_0099,1710860294.8020103
metricsType=Details,,,,,,,,,,,,,,application_1710848715047_0099,1710860297.9087505
metricsType=Details,,,,,,,,,,,,,,application_1710848715047_0099,1710860301.1222255
metricsType=Details,,,,,,,,,,,,,,application_1710848715047_0099,1710860304.2995021
metricsType=Details,,,,,,,,,,,,,,application_1710848715047_0099,1710860307.47706
metricsType=Details,,,,,,,,,,,,,,application_1710848715047_0099,1710860310.6502936
metricsType=Details,,,,,,,,,,,,,,application_1710848715047_0099,1710860313.83664
metricsType=Details,,,,,,,,,,,,,,application_1710848715047_0099,1710860317.0052745
metricsType=Details,,,,,,,,,,,,,,application_1710848715047_0099,1710860320.180606
metricsType=Details,,,,,,,,,,,,,,application_1710848715047_0099,1710860323.3490453
metricsType=Details,,,,,,,,,,,,,,application_1710848715047_0099,1710860326.5205655
metricsType=Details,,,,,,,,,,,,,,application_1710848715047_0099,1710860329.6984096
metricsType=Details,,,,,,,,,,,,,,application_1710848715047_0099,1710860332.856153
metricsType=Details,,,,,,,,,,,,,,application_1710848715047_0099,1710860336.0126374
metricsType=Details,,,,,,,,,,,,,,application_1710848715047_0099,1710860339.1524854
metricsType=Details,,,,,,,,,,,,,,application_1710848715047_0100,1710860381.5646186
metricsType=Details,,,,,,,,,,,,,,application_1710848715047_0100,1710860384.6671295
metricsType=Details,,,,,,,,,,,,,,application_1710848715047_0100,1710860387.7714412
metricsType=Details,,,,,,,,,,,,,,application_1710848715047_0100,1710860390.884071
metricsType=Details,,,,,,,,,,,,,,application_1710848715047_0100,1710860393.9918404
metricsType=Details,,,,,,,,,,,,,,application_1710848715047_0100,1710860397.1037276
metricsType=Details,,,,,,,,,,,,,,application_1710848715047_0100,1710860400.3192966
metricsType=Details,,,,,,,,,,,,,,application_1710848715047_0100,1710860403.5101535
metricsType=Details,,,,,,,,,,,,,,application_1710848715047_0100,1710860406.6913178
metricsType=Details,,,,,,,,,,,,,,application_1710848715047_0100,1710860409.8642225
metricsType=Details,,,,,,,,,,,,,,application_1710848715047_0100,1710860413.050066
metricsType=Details,,,,,,,,,,,,,,application_1710848715047_0100,1710860416.222138
metricsType=Details,,,,,,,,,,,,,,application_1710848715047_0100,1710860419.3899305
metricsType=Details,,,,,,,,,,,,,,application_1710848715047_0100,1710860422.5467582
metricsType=Details,,,,,,,,,,,,,,application_1710848715047_0100,1710860425.7179556
metricsType=Details,,,,,,,,,,,,,,application_1710848715047_0100,1710860428.8767114
metricsType=Details,,,,,,,,,,,,,,application_1710848715047_0100,1710860432.0221832
metricsType=Details,,,,,,,,,,,,,,application_1710848715047_0100,1710860435.170831
metricsType=Details,,,,,,,,,,,,,,application_1710848715047_0100,1710860438.314487
metricsType=Details,,,,,,,,,,,,,,application_1710848715047_0100,1710860441.4542108
